{"pb_id": "amber-eagle-plume", "predictor": "af2m", "status": "ok", "ipsae_d0res_min": 0.00848312467337107, "ipsae_d0res_max": 0.032129896372188375, "ipsae_d0chn_min": 0.11575820685584105, "ipsae_d0chn_max": 0.12207879086972924, "ipsae_d0dom_min": 0.360306191051829, "ipsae_d0dom_max": 0.47905245406257624, "iptm_d0chn_min": 0.05955133216384459, "iptm_d0chn_max": 0.07159123953357584, "iptm_af_min": 0.20297227613542093, "iptm_af_max": 0.23538991997047526, "pdockq": 0.05034543805185589, "pdockq2": 0.012878290110147312, "lis": 0.06601581508515814, "n_interface": 67, "iptm": 0.18, "ptm": 0.42, "mean_plddt": 54.59587209302325}