{"pb_id": "amber-deer-opal", "predictor": "af2m", "status": "ok", "ipsae_d0res_min": 0.00578563368017244, "ipsae_d0res_max": 0.013928937788671079, "ipsae_d0chn_min": 0.10620103475158922, "ipsae_d0chn_max": 0.11945952446335235, "ipsae_d0dom_min": 0.09633449538929131, "ipsae_d0dom_max": 0.4610985711232959, "iptm_d0chn_min": 0.04487525183035716, "iptm_d0chn_max": 0.06374014161290939, "iptm_af_min": 0.16451118532941275, "iptm_af_max": 0.21613195431659066, "pdockq": 0.061615095624402455, "pdockq2": 0.010188143735865145, "lis": 0.0, "n_interface": 169, "iptm": 0.18, "ptm": 0.42, "mean_plddt": 44.839821428571426}