{"pb_id": "amber-bat-maple", "predictor": "af2m", "status": "ok", "ipsae_d0res_min": 0.0, "ipsae_d0res_max": 0.005044675477620684, "ipsae_d0chn_min": 0.0, "ipsae_d0chn_max": 0.16367785842663055, "ipsae_d0dom_min": 0.0, "ipsae_d0dom_max": 0.004959346679305504, "iptm_d0chn_min": 0.05615355620246628, "iptm_d0chn_max": 0.061536829439239916, "iptm_af_min": 0.12250115019638172, "iptm_af_max": 0.13314590351974104, "pdockq": 0.12087083779535153, "pdockq2": 0.009745361743426249, "lis": 0.0, "n_interface": 181, "iptm": 0.12, "ptm": 0.39, "mean_plddt": 65.85075949367088}