{"pb_id": "azure-heron-moss", "predictor": "af2m", "status": "ok", "ipsae_d0res_min": 0.006155890133708212, "ipsae_d0res_max": 0.037016204154479676, "ipsae_d0chn_min": 0.14258858416876125, "ipsae_d0chn_max": 0.16726136232728697, "ipsae_d0dom_min": 0.10459230413759868, "ipsae_d0dom_max": 0.6391375236992055, "iptm_d0chn_min": 0.05132181638826494, "iptm_d0chn_max": 0.09887135108838227, "iptm_af_min": 0.14108446627965654, "iptm_af_max": 0.24365834625572033, "pdockq": 0.04696158501918793, "pdockq2": 0.012859079516075057, "lis": 0.08137006997455472, "n_interface": 58, "iptm": 0.19, "ptm": 0.57, "mean_plddt": 67.69067796610169}