{"pb_id": "bright-bear-moss", "predictor": "af2m", "status": "ok", "ipsae_d0res_min": 0.005959839381513833, "ipsae_d0res_max": 0.040520453229470205, "ipsae_d0chn_min": 0.14064837209359685, "ipsae_d0chn_max": 0.17796084383943636, "ipsae_d0dom_min": 0.1606399398593244, "ipsae_d0dom_max": 0.683531865363787, "iptm_d0chn_min": 0.056535375840387744, "iptm_d0chn_max": 0.10166873761679074, "iptm_af_min": 0.15488540726216882, "iptm_af_max": 0.24767721257988132, "pdockq": 0.09088150149256241, "pdockq2": 0.014623939526880136, "lis": 0.11996799045138888, "n_interface": 93, "iptm": 0.19, "ptm": 0.56, "mean_plddt": 62.668669527897}