{"pb_id": "bright-ant-flint", "predictor": "af2m", "status": "ok", "ipsae_d0res_min": 0.00587853340643599, "ipsae_d0res_max": 0.018119371231067223, "ipsae_d0chn_min": 0.1366360147611405, "ipsae_d0chn_max": 0.16783198236403588, "ipsae_d0dom_min": 0.005196860085411698, "ipsae_d0dom_max": 0.6191018657087711, "iptm_d0chn_min": 0.051323126193953954, "iptm_d0chn_max": 0.09398488487866587, "iptm_af_min": 0.14071660801255953, "iptm_af_max": 0.23202723850940532, "pdockq": 0.10196828452641567, "pdockq2": 0.01244862421798641, "lis": 0.08520881895881896, "n_interface": 117, "iptm": 0.17, "ptm": 0.56, "mean_plddt": 61.682184873949566}