{"pb_id": "bright-boar-marble", "predictor": "af2m", "status": "ok", "ipsae_d0res_min": 0.07086889495518993, "ipsae_d0res_max": 0.44996204091254965, "ipsae_d0chn_min": 0.41361925783796705, "ipsae_d0chn_max": 0.4197614818096659, "ipsae_d0dom_min": 0.7159196750276597, "ipsae_d0dom_max": 0.7535611628094142, "iptm_d0chn_min": 0.09299825577841452, "iptm_d0chn_max": 0.1165997270505468, "iptm_af_min": 0.16421354113926154, "iptm_af_max": 0.2013830512437498, "pdockq": 0.15787134913455628, "pdockq2": 0.03495555784087771, "lis": 0.38200293753865183, "n_interface": 149, "iptm": 0.49, "ptm": 0.45, "mean_plddt": 61.17834757834758}