{"pb_id": "bright-ox-pine", "predictor": "af2m", "status": "ok", "ipsae_d0res_min": 0.005301157710513792, "ipsae_d0res_max": 0.026530899357273378, "ipsae_d0chn_min": 0.1759312007643207, "ipsae_d0chn_max": 0.2070051988961238, "ipsae_d0dom_min": 0.005152250903674441, "ipsae_d0dom_max": 0.6718156348597434, "iptm_d0chn_min": 0.06776776748366972, "iptm_d0chn_max": 0.10906858888256206, "iptm_af_min": 0.13961741441934802, "iptm_af_max": 0.20945030948849952, "pdockq": 0.07206202652689433, "pdockq2": 0.01266131367730219, "lis": 0.060652552204176334, "n_interface": 122, "iptm": 0.21, "ptm": 0.5, "mean_plddt": 53.13826347305389}