{"pb_id": "calm-goat-moss", "predictor": "af2m", "status": "ok", "ipsae_d0res_min": 0.006082682576676764, "ipsae_d0res_max": 0.04759775452303668, "ipsae_d0chn_min": 0.13232963849667548, "ipsae_d0chn_max": 0.1817833668950965, "ipsae_d0dom_min": 0.26480910333007557, "ipsae_d0dom_max": 0.7240047761355483, "iptm_d0chn_min": 0.060316337481367936, "iptm_d0chn_max": 0.11301577956709832, "iptm_af_min": 0.17518412302762887, "iptm_af_max": 0.28275591341618833, "pdockq": 0.08734230087416368, "pdockq2": 0.020121133452243423, "lis": 0.14549845549003088, "n_interface": 54, "iptm": 0.2, "ptm": 0.56, "mean_plddt": 67.94845070422535}