{"pb_id": "calm-lynx-thorn", "predictor": "af2m", "status": "ok", "ipsae_d0res_min": 0.5411691555839905, "ipsae_d0res_max": 0.7408530683070471, "ipsae_d0chn_min": 0.6218056363638055, "ipsae_d0chn_max": 0.6461997610860103, "ipsae_d0dom_min": 0.9560502699222957, "ipsae_d0dom_max": 0.9641545072277531, "iptm_d0chn_min": 0.34609629262969865, "iptm_d0chn_max": 0.4344533693885872, "iptm_af_min": 0.4458611760770231, "iptm_af_max": 0.5398952614696519, "pdockq": 0.42811158957418405, "pdockq2": 0.44117974781448255, "lis": 0.5751745620899297, "n_interface": 75, "iptm": 0.81, "ptm": 0.82, "mean_plddt": 82.38434173669468}