{"pb_id": "crimson-wolf-stone", "predictor": "af2m", "status": "ok", "ipsae_d0res_min": 0.0048613689277767005, "ipsae_d0res_max": 0.00625063447970349, "ipsae_d0chn_min": 0.17139388737703376, "ipsae_d0chn_max": 0.18679724717545448, "ipsae_d0dom_min": 0.0048613689277767005, "ipsae_d0dom_max": 0.1440949234149591, "iptm_d0chn_min": 0.06560498138134341, "iptm_d0chn_max": 0.07831734769683509, "iptm_af_min": 0.13270727370356344, "iptm_af_max": 0.15546567964343147, "pdockq": 0.03605825162769074, "pdockq2": 0.009266334000429541, "lis": 0.02833333333333332, "n_interface": 99, "iptm": 0.14, "ptm": 0.31, "mean_plddt": 45.44470930232558}