{"pb_id": "dark-goat-frost", "predictor": "af2m", "status": "ok", "ipsae_d0res_min": 0.005829751409323587, "ipsae_d0res_max": 0.018171120553273298, "ipsae_d0chn_min": 0.13258188260214815, "ipsae_d0chn_max": 0.16333473147198738, "ipsae_d0dom_min": 0.06689521683785886, "ipsae_d0dom_max": 0.5956737761408515, "iptm_d0chn_min": 0.055980792715062976, "iptm_d0chn_max": 0.08813317818500005, "iptm_af_min": 0.15682114369228234, "iptm_af_max": 0.22633000338258843, "pdockq": 0.06981725465711537, "pdockq2": 0.012306585432817086, "lis": 0.07181385281385282, "n_interface": 83, "iptm": 0.17, "ptm": 0.54, "mean_plddt": 62.12504385964913}