{"pb_id": "gentle-boar-ember", "predictor": "af2m", "status": "ok", "ipsae_d0res_min": 0.005234413802056735, "ipsae_d0res_max": 0.00668844110899129, "ipsae_d0chn_min": 0.1331725963449736, "ipsae_d0chn_max": 0.14244380880315866, "ipsae_d0dom_min": 0.005084825343145868, "ipsae_d0dom_max": 0.2730818026927297, "iptm_d0chn_min": 0.05166358229817685, "iptm_d0chn_max": 0.07119349339097288, "iptm_af_min": 0.14222656574097292, "iptm_af_max": 0.18780929380773817, "pdockq": 0.08920262587911836, "pdockq2": 0.011050716455914678, "lis": 0.024999999999999994, "n_interface": 139, "iptm": 0.15, "ptm": 0.53, "mean_plddt": 63.10385593220339}