{"pb_id": "jade-cobra-cypress", "predictor": "af2m", "status": "ok", "ipsae_d0res_min": 0.005904573432896765, "ipsae_d0res_max": 0.00748647617034799, "ipsae_d0chn_min": 0.12728349111684162, "ipsae_d0chn_max": 0.14793438501082537, "ipsae_d0dom_min": 0.2069328380113231, "ipsae_d0dom_max": 0.4643168197876542, "iptm_d0chn_min": 0.059575143316200084, "iptm_d0chn_max": 0.07091817769867224, "iptm_af_min": 0.17646696259456418, "iptm_af_max": 0.20184757237488837, "pdockq": 0.06084980377896815, "pdockq2": 0.01199910867682269, "lis": 0.09819238377843718, "n_interface": 117, "iptm": 0.14, "ptm": 0.4, "mean_plddt": 55.253732057416265}