{"pb_id": "jade-lynx-iron", "predictor": "af2m", "status": "ok", "ipsae_d0res_min": 0.588539030615441, "ipsae_d0res_max": 0.6930280650122868, "ipsae_d0chn_min": 0.5741625355847437, "ipsae_d0chn_max": 0.6230801066435867, "ipsae_d0dom_min": 0.9327877129289812, "ipsae_d0dom_max": 0.950451959698237, "iptm_d0chn_min": 0.33638659731002435, "iptm_d0chn_max": 0.3577591502680777, "iptm_af_min": 0.4670293533037331, "iptm_af_max": 0.48143658290636465, "pdockq": 0.30624977628520683, "pdockq2": 0.24308951398172318, "lis": 0.5592668371696504, "n_interface": 66, "iptm": 0.79, "ptm": 0.76, "mean_plddt": 72.67146953405016}