{"pb_id": "lunar-seal-frost", "predictor": "af2m", "status": "ok", "ipsae_d0res_min": 0.0068605277291361845, "ipsae_d0res_max": 0.04273113171421682, "ipsae_d0chn_min": 0.13606798685521407, "ipsae_d0chn_max": 0.16007813730472878, "ipsae_d0dom_min": 0.19227051430548836, "ipsae_d0dom_max": 0.6846528939710185, "iptm_d0chn_min": 0.05459910493869175, "iptm_d0chn_max": 0.10304467160769365, "iptm_af_min": 0.16431032710727125, "iptm_af_max": 0.271716518075956, "pdockq": 0.09118888032958644, "pdockq2": 0.019520508431374123, "lis": 0.1164760543245175, "n_interface": 64, "iptm": 0.19, "ptm": 0.53, "mean_plddt": 64.76817307692308}