{"pb_id": "lunar-ibis-pine", "predictor": "af2m", "status": "ok", "ipsae_d0res_min": 0.005627555291359459, "ipsae_d0res_max": 0.0070810900806122234, "ipsae_d0chn_min": 0.08854362047765256, "ipsae_d0chn_max": 0.09931135094683384, "ipsae_d0dom_min": 0.05533830915958893, "ipsae_d0dom_max": 0.3926813469823693, "iptm_d0chn_min": 0.03924122230274383, "iptm_d0chn_max": 0.05782816779594064, "iptm_af_min": 0.16986306431066492, "iptm_af_max": 0.22843817147415788, "pdockq": 0.04027168906115708, "pdockq2": 0.010442647593810141, "lis": 0.0, "n_interface": 68, "iptm": 0.19, "ptm": 0.45, "mean_plddt": 51.704397163120575}