{"pb_id": "quick-hawk-ruby", "predictor": "af2m", "status": "ok", "ipsae_d0res_min": 0.006408380044725639, "ipsae_d0res_max": 0.012017128870725327, "ipsae_d0chn_min": 0.10008671306482494, "ipsae_d0chn_max": 0.10989830434496375, "ipsae_d0dom_min": 0.16548860446115737, "ipsae_d0dom_max": 0.46154910395366605, "iptm_d0chn_min": 0.04581236388934992, "iptm_d0chn_max": 0.06778151741326488, "iptm_af_min": 0.18300971291216142, "iptm_af_max": 0.24815139899879723, "pdockq": 0.0445488421051479, "pdockq2": 0.011585075360032523, "lis": 0.022628205128205126, "n_interface": 107, "iptm": 0.19, "ptm": 0.45, "mean_plddt": 52.903933333333335}