{"pb_id": "quick-vole-jade", "predictor": "af2m", "status": "ok", "ipsae_d0res_min": 0.0054982301233680595, "ipsae_d0res_max": 0.025762361398549462, "ipsae_d0chn_min": 0.13399264705387176, "ipsae_d0chn_max": 0.16309437250319536, "ipsae_d0dom_min": 0.07146986455409762, "ipsae_d0dom_max": 0.6044822541940791, "iptm_d0chn_min": 0.05431565100554451, "iptm_d0chn_max": 0.089242389208633, "iptm_af_min": 0.1499102770226036, "iptm_af_max": 0.225101339457742, "pdockq": 0.0845229557462375, "pdockq2": 0.011033590035855696, "lis": 0.07896745932415519, "n_interface": 122, "iptm": 0.17, "ptm": 0.54, "mean_plddt": 61.16497854077252}