{"pb_id": "quiet-mole-frost", "predictor": "af2m", "status": "ok", "ipsae_d0res_min": 0.005745230661219671, "ipsae_d0res_max": 0.019798732651208937, "ipsae_d0chn_min": 0.0949034687131986, "ipsae_d0chn_max": 0.11211583386590124, "ipsae_d0dom_min": 0.05031567897105311, "ipsae_d0dom_max": 0.47208193770624113, "iptm_d0chn_min": 0.04191249717062566, "iptm_d0chn_max": 0.06730272345838552, "iptm_af_min": 0.16701750771940577, "iptm_af_max": 0.24141612654872116, "pdockq": 0.040295897271593044, "pdockq2": 0.01073253667590439, "lis": 0.0, "n_interface": 63, "iptm": 0.2, "ptm": 0.45, "mean_plddt": 51.48642857142857}