{"pb_id": "radiant-jaguar-dust", "predictor": "af2m", "status": "ok", "ipsae_d0res_min": 0.005704000329419199, "ipsae_d0res_max": 0.033256676499818505, "ipsae_d0chn_min": 0.13766499708417038, "ipsae_d0chn_max": 0.1677892660920152, "ipsae_d0dom_min": 0.10078458500654995, "ipsae_d0dom_max": 0.6422289825808833, "iptm_d0chn_min": 0.054044000319213914, "iptm_d0chn_max": 0.09601859258179307, "iptm_af_min": 0.14913913808576287, "iptm_af_max": 0.23869508658144636, "pdockq": 0.08752221919918524, "pdockq2": 0.012048723938771802, "lis": 0.09016928285626347, "n_interface": 114, "iptm": 0.18, "ptm": 0.55, "mean_plddt": 62.22274678111588}