{"pb_id": "radiant-cobra-bronze", "predictor": "af2m", "status": "ok", "ipsae_d0res_min": 0.1977016521603187, "ipsae_d0res_max": 0.557510862462785, "ipsae_d0chn_min": 0.41637487892759856, "ipsae_d0chn_max": 0.5713301406626579, "ipsae_d0dom_min": 0.7893627371700596, "ipsae_d0dom_max": 0.8308944394077415, "iptm_d0chn_min": 0.11512797009315572, "iptm_d0chn_max": 0.1380562376178545, "iptm_af_min": 0.18688370410658664, "iptm_af_max": 0.22520050647800985, "pdockq": 0.28075084155214425, "pdockq2": 0.03838609945078118, "lis": 0.46019459623557984, "n_interface": 193, "iptm": 0.54, "ptm": 0.5, "mean_plddt": 66.0445584045584}