{"pb_id": "radiant-seal-ash", "predictor": "af2m", "status": "ok", "ipsae_d0res_min": 0.0849332513881876, "ipsae_d0res_max": 0.13218751530446066, "ipsae_d0chn_min": 0.23733184977826233, "ipsae_d0chn_max": 0.25274246417113566, "ipsae_d0dom_min": 0.568220839261254, "ipsae_d0dom_max": 0.6051283037168215, "iptm_d0chn_min": 0.08074443878727082, "iptm_d0chn_max": 0.08486472826678776, "iptm_af_min": 0.18137078462817344, "iptm_af_max": 0.19312247250050252, "pdockq": 0.06276590624089767, "pdockq2": 0.018333511647512474, "lis": 0.25523476523476524, "n_interface": 145, "iptm": 0.3, "ptm": 0.34, "mean_plddt": 46.74030303030303}