{"pb_id": "radiant-kiwi-sand", "predictor": "af2m", "status": "ok", "ipsae_d0res_min": 0.006606719014418904, "ipsae_d0res_max": 0.03745123700778281, "ipsae_d0chn_min": 0.15647952914450947, "ipsae_d0chn_max": 0.18199757442392678, "ipsae_d0dom_min": 0.12037233699036586, "ipsae_d0dom_max": 0.6764161632998783, "iptm_d0chn_min": 0.049750392354289824, "iptm_d0chn_max": 0.10213208753655659, "iptm_af_min": 0.13714176316107432, "iptm_af_max": 0.24694594574055714, "pdockq": 0.09071004441554044, "pdockq2": 0.017214269753444707, "lis": 0.1177454084863838, "n_interface": 91, "iptm": 0.21, "ptm": 0.57, "mean_plddt": 66.06372881355932}