{"pb_id": "rapid-eagle-ice", "predictor": "af2m", "status": "ok", "ipsae_d0res_min": 0.005692719454732845, "ipsae_d0res_max": 0.04792763607042599, "ipsae_d0chn_min": 0.13564533153699476, "ipsae_d0chn_max": 0.18091525044916412, "ipsae_d0dom_min": 0.13938949442221768, "ipsae_d0dom_max": 0.7163067228119404, "iptm_d0chn_min": 0.05881178885575737, "iptm_d0chn_max": 0.11285418312496538, "iptm_af_min": 0.16064943053941147, "iptm_af_max": 0.269780868574961, "pdockq": 0.08711548090650192, "pdockq2": 0.013258844856264797, "lis": 0.14043172690763056, "n_interface": 107, "iptm": 0.21, "ptm": 0.58, "mean_plddt": 64.03321888412017}