{"pb_id": "rough-vole-plume", "predictor": "af2m", "status": "ok", "ipsae_d0res_min": 0.0051457044644442045, "ipsae_d0res_max": 0.015219977299965513, "ipsae_d0chn_min": 0.09141252101287273, "ipsae_d0chn_max": 0.10272596376191077, "ipsae_d0dom_min": 0.005022081965177827, "ipsae_d0dom_max": 0.427685082268886, "iptm_d0chn_min": 0.03910352032910634, "iptm_d0chn_max": 0.06159220146345838, "iptm_af_min": 0.15681892833429864, "iptm_af_max": 0.22493441430537778, "pdockq": 0.05048144573949159, "pdockq2": 0.010247749377583111, "lis": 0.0, "n_interface": 128, "iptm": 0.18, "ptm": 0.43, "mean_plddt": 47.256258064516125}