{"pb_id": "shy-ram-crystal", "predictor": "af2m", "status": "ok", "ipsae_d0res_min": 0.0236293291713352, "ipsae_d0res_max": 0.1912956952461378, "ipsae_d0chn_min": 0.2824486227351132, "ipsae_d0chn_max": 0.33004296509204645, "ipsae_d0dom_min": 0.5575338055767433, "ipsae_d0dom_max": 0.6526749608436291, "iptm_d0chn_min": 0.0783956165050774, "iptm_d0chn_max": 0.09369793623395438, "iptm_af_min": 0.14912619184133763, "iptm_af_max": 0.17231663903478456, "pdockq": 0.07489065984443553, "pdockq2": 0.01573680937203619, "lis": 0.27806283357593403, "n_interface": 181, "iptm": 0.35, "ptm": 0.4, "mean_plddt": 56.900227920227906}