{"pb_id": "solid-fox-wave", "predictor": "af2m", "status": "ok", "ipsae_d0res_min": 0.006132420032490204, "ipsae_d0res_max": 0.006183945635174197, "ipsae_d0chn_min": 0.10106435059709647, "ipsae_d0chn_max": 0.10239168929853004, "ipsae_d0dom_min": 0.13865196068656627, "ipsae_d0dom_max": 0.24434557707433438, "iptm_d0chn_min": 0.045720709286254275, "iptm_d0chn_max": 0.050998268090093175, "iptm_af_min": 0.17675951599212705, "iptm_af_max": 0.19257066742093312, "pdockq": 0.06307897730988508, "pdockq2": 0.010658048515880118, "lis": 0.0319047619047619, "n_interface": 112, "iptm": 0.16, "ptm": 0.42, "mean_plddt": 45.81666666666666}