{"pb_id": "wild-zebra-clay", "predictor": "af2m", "status": "ok", "ipsae_d0res_min": 0.006063621537750226, "ipsae_d0res_max": 0.010407521644473389, "ipsae_d0chn_min": 0.09997304941069945, "ipsae_d0chn_max": 0.11532485052297423, "ipsae_d0dom_min": 0.10587542278044659, "ipsae_d0dom_max": 0.44762705608235925, "iptm_d0chn_min": 0.04230899196320908, "iptm_d0chn_max": 0.06187240533938991, "iptm_af_min": 0.16727720048299807, "iptm_af_max": 0.22341549273307065, "pdockq": 0.06652159261234611, "pdockq2": 0.010264219710774632, "lis": 0.048749999999999995, "n_interface": 121, "iptm": 0.19, "ptm": 0.44, "mean_plddt": 49.6712987012987}