{"pb_id": "young-moth-ember", "predictor": "af2m", "status": "ok", "ipsae_d0res_min": 0.005879660597207549, "ipsae_d0res_max": 0.03825373462652192, "ipsae_d0chn_min": 0.13188704989439723, "ipsae_d0chn_max": 0.16214801957536157, "ipsae_d0dom_min": 0.08027280845064833, "ipsae_d0dom_max": 0.6833836041248605, "iptm_d0chn_min": 0.05399441366573837, "iptm_d0chn_max": 0.10519581729713046, "iptm_af_min": 0.15391212950586042, "iptm_af_max": 0.2647831115950119, "pdockq": 0.12393125545238214, "pdockq2": 0.013454856724785625, "lis": 0.09890033053648614, "n_interface": 119, "iptm": 0.19, "ptm": 0.57, "mean_plddt": 66.35977678571429}